URL;Titre;Liste Ingrédients;;;;;;;;;;;;;;;;;;;;;
https://unbottled.co/products/shampoing-solide-tout-nu;Shampoing Solide Tout Nu - Tous Types de Cheveux;Hydrogenated Vegetable Oil;Sodium Cocoyl Isethionate;Aqua;Polyglyceryl-4 Laurate;Erythritol;Glycerin;Parfum (Fragrance);Brassica Oleracea Italica (Broccoli) Seed Oil;Argania Spinosa Kernel Oil;Montmorillonite;Decyl Glucoside;Tetrasodium Glutamate Diacetate;CI 77007 (Ultramarines);Silica;Geraniol;Limonene;Linalool;;;;;
https://unbottled.co/products/nettoyant-visage-super-doux;Nettoyant Visage Super Doux;Disodium Lauryl Sulfosuccinate;Maltodextrin;Sodium Cocoyl Isethionate;Aqua;Stearic Acid;Lauric Acid;Myristic Acid;Hydrogenated Castor Oil;Cetyl Alcohol;Fragrance;Simmondsia Chinensis (Jojoba) Seed Oil;Camelina Sativa Seed Oil,;Curcuma Longa Root Powder;Citric Acid;Alumina;CI 77491(Iron Oxides);CI 77492(Iron Oxides);CI 77499 (Iron Oxides);Magnesium Oxide;;;
https://unbottled.co/products/gel-douche-sans-bouteille;Gel Douche Sans Bouteille - Avoine & Amande Douce;Hydrogenated Vegetable Oil;Sodium Cocoyl Isethionate;Aqua;Polyglyceryl-4 Laurate;Glycerin;Parfum (Fragrance);Avena Sativa (Oat) Kernel Oil;Prunus Amygdalus Dulcis (Sweet Almond) Oil;Triticum Vulgare (Wheat) Bran;Decyl Glucoside;Tetrasodium Glutamate Diacetate.;;;;;;;;;;;
https://unbottled.co/products/maxi-gel-douche-avoine-amande;Maxi Gel Douche - Avoine & Amande;Hydrogenated Vegetable Oil;Sodium Cocoyl Isethionate;Aqua;Polyglyceryl-4 Laurate;Glycerin;Parfum (Fragrance);Avena Sativa (Oat) Kernel Oil;Prunus Amygdalus Dulcis (Sweet Almond) Oil;Triticum Vulgare (Wheat) Bran;Decyl Glucoside;Tetrasodium Glutamate Diacetate.;;;;;;;;;;;
https://unbottled.co/products/shampoing-solide-tout-nu-cheveux-gras;Shampoing Solide Tout Nu - Cheveux Gras & Pellicules;Hydrogenated Vegetable Oil;Sodium Cocoyl Isethionate;Aqua;Polyglyceryl-4 Laurate;Glycerin;Parfum (Fragrance);Kaolin;Anhydroxylitol;Glucose;Linum Usitatissimum (Linseed) Seed Oil;Melaleuca Alternifolia (Tea Tree) Leaf Oil;Urtica Dioica (Nettle) Leaf Powder;Xylitol;Xylitylglucoside;Tetrasodium Glutamate Diacetate;CI 77007 (Ultramarines);CI 77492 (Iron Oxides);Silica;Limonene;Linalool;;
https://unbottled.co/products/shampoing-solide-tout-nu-cheveux-secs;Shampoing Solide Tout Nu - Cheveux Secs & Abimés;Hydrogenated Vegetable Oil;Sodium Cocoyl Isethionate;Aqua;Polyglyceryl-4 Laurate;Glycerin;Parfum (Fragrance);Caesalpinia Spinosa Gum;Anhydroxylitol;Glucose;Olive Oil Decyl Esters;Ricinus Communis (Castor) Seed Oil;Squalene;Xylitol;Xylitylglucoside;Argania Spinosa Kernel Oil;Olea Europaea (Olive) Fruit Oil;Tetrasodium Glutamate Diacetate;Alumina;CI 77491 (Iron Oxides);CI 77492 (Iron Oxides;CI 77499 (Iron Oxides);Magnesium Oxide
https://unbottled.co/products/savon-surgras-mains-toutes-douces;Savon Surgras Mains-Toutes-Douces;Sodium Sunflowerseedate;Sodium Cocoate;Aqua (Water);Butyrospermum Parkii (Shea) Butter;Parfum (Fragrance);Kaolin;Rubus Idaeus (Raspberry) Seed;Glycerin;Citric Acid;Sodium Chloride;Sodium Hydroxide;Tetrasodium Glutamate Diacetate;CI 77007 (Ultramarines);CI 77491 (Iron Oxides);CI 77499 (Iron Oxides);Silica;Eugenol;;;;;
https://unbottled.co/products/savon-surgras-stop-mains-seches;Savon Surgras Stop-Mains-Sèches;Sodium Sunflowerseedate;Sodium Cocoate;Aqua (Water);Camelina Sativa Seed Oil;Parfum (Fragrance);Glycerin;Montmorillonite;Citric Acid;Sodium Chloride;Sodium Hydroxide;Tetrasodium Glutamate Diacetate;CI 77499 (Iron Oxides);Geraniol;Limonene;Linalool;;;;;;;
https://unbottled.co/products/gel-douche-sans-bouteille-abricot-karite;Gel Douche Sans Bouteille - Abricot & Karité;Hydrogenated Vegetable Oil;Sodium Cocoyl Isethionate;Aqua;Polyglyceryl-4 Laurate;Glycerin;Parfum (Fragrance);Prunus Armeniaca (Apricot) Kernel Oil;Tetrasodium Glutamate Diacetate;CI 77491 (Iron Oxides);CI 77492 (Iron Oxides);CI 77499 (Iron Oxides).;;;;;;;;;;;
https://unbottled.co/products/maxi-gel-douche-abricot-karite;Maxi Gel Douche - Abricot & Karité;Hydrogenated Vegetable Oil;Sodium Cocoyl Isethionate;Aqua;Polyglyceryl-4 Laurate;Glycerin;Parfum (Fragrance);Prunus Armeniaca (Apricot) Kernel Oil;Tetrasodium Glutamate Diacetate;CI 77491 (Iron Oxides);CI 77492 (Iron Oxides);CI 77499 (Iron Oxides).;;;;;;;;;;;
https://unbottled.co/products/apres-shampoing-solide-cheveux-soyeux;Après-Shampoing Solide - Cheveux Soyeux;Arachidyl / Behenyl Alcohol;Arachidyl / Behenyl Betainate Esylate;Theobroma Cacao (Cocoa) Seed Butter;Arachidyl Alcohol;Butyrospermum Parkii (Shea) Butter;Behenyl Alcohol;Argania Spinosa Kernel Oil;Prunus Amygdalus Dulcis (Sweet Almond) Oil;Arachidyl Glucoside;Parfum (Fragrance);Olea Europaea (Olive) Fruit Oil;Caprylic/Capric Glycerides;CI 75810;Helianthus Annuus (Sunflower) Seed Oil;Tocopherol;Citronellol;;;;;;
https://unbottled.co/products/soin-lavant-doux-pour-le-minou;Soin Lavant Intime - Doux pour le Minou;Maltodextrin;Sodium Cocoyl Isethionate;Palmitic Acid;Stearic Acid;Aqua (Water);Disodium Lauryl Sulfosuccinate;Sodium Palmitate;Sodium Stearate;Glycerin;Decyl Glucoside;Sodium Cocoyl Apple Amino Acids;Hexylene Glycol;Lactic Acid;Linum Usitatissimum (Linseed) Seed Oil;Aloe Barbadensis Leaf Extract;Butyrospermum Parkii (Shea) Butter;Helianthus Annuus (Sunflower) Seed Oil;Citric Acid;Tetrasodium Glutamate Diacetate;;;
https://unbottled.co/products/gommage-visage-peau-radieuse;Gommage Visage - Peau Radieuse;Agents Absorbants;Tensioactifs Biodégradables;Emollient;Agents Nettoyants;Eau;Émulsifiant;Amidon de Maïs;Glycérine Végétale;Parfum Naturel;Huile de Jojoba;Grains de Café;Huile d’Amande Douce;Acide Citrique;Agents Absorbants;Colorant Cosmos.;;;;;;;
https://unbottled.co/products/gommage-corps-peau-neuve;Gommage Corps - Peau Neuve;Agents Absorbants;Tensioactifs Biodégradables;Emollient;Agents Nettoyants;Eau;Émulsifiant;Gomme Tara;Parfum Naturel;Beurre de cacao;Huile de noisette;Graines de noisette;Miel;Huile d’Amande Douce;Glycérine Végétale;Acide Citrique;Colorant Cosmos;Huiles essentielles.;;;;;
https://unbottled.co/products/soin-de-rasage-au-poil;Soin de Rasage au Poil;Hydrogenated Vegetable Oil;Sodium Cocoyl Isethionate;Aqua;Polyglyceryl-4 Laurate;Glycerin;Parfum (Fragrance);Caesalpinia Spinosa Gum;Acacia Senegal Gum;Butyrospermum Parkii (Shea) Butter;Sodium Cocoyl Apple Amino Acids;Sodium Methyl Cocoyl Taurate;Aloe Barbadensis Leaf Extract;Helianthus Annuus (Sunflower) Seed Oil;Decyl Glucoside;Tetrasodium Glutamate Diacetate;Xanthan Gum;Hexylene Glycol.;;;;;
https://unbottled.co/products/demaquillant-efface-tout;Démaquillant Efface-Tout;Cetearyl Alcohol;Beta Vulgaris (Beet) Root Extract;Theobroma Cacao (Cocoa) Seed Butter;Arachidyl Alcohol;Prunus Amygdalus Dulcis (Sweet Almond) Oil;Butyrospermum Parkii (Shea) Butter;Behenyl Alcohol;Arachidyl Glucoside;Parfum (Fragrance);Simmondsia Chinensis (Jojoba) Seed Oil;Rosa Damascena Flower Extract;Helianthus Annuus (Sunflower) Seed Oil;Tocopherol;;;;;;;;;
https://unbottled.co/products/savon-neutre-bebes-grands;Savon Neutre - Bébés & Grands;Hydrogenated Vegetable Oil;Sodium Cocoyl Isethionate;Aqua;Polyglyceryl-4 Laurate;Glycerin;Parfum (Fragrance);Vitis Vinifera (Grape) Seed Oil;Prunus Amygdalus Dulcis (Sweet Almond) Oil;Tetrasodium Glutamate Diacetate.;;;;;;;;;;;;;
https://unbottled.co/products/maxi-savon-neutre-bebes-grands;Maxi Savon Neutre - Bébés & Grands;Hydrogenated Vegetable Oil;Sodium Cocoyl Isethionate;Aqua;Polyglyceryl-4 Laurate;Glycerin;Parfum (Fragrance);Vitis Vinifera (Grape) Seed Oil;Prunus Amygdalus Dulcis (Sweet Almond) Oil;Tetrasodium Glutamate Diacetate.;;;;;;;;;;;;;
https://unbottled.co/products/nettoyant-masque-detox;Nettoyant & Masque Detox;Maltodextrin;Sodium Cocoyl Isethionate;Palmitic Acid;Stearic Acid;Aqua (Water);Disodium Lauryl Sulfosuccinate;Kaolin  Sodium Palmitate;Sodium Stearate;Caesalpinia Spinosa Gum;Corylus Avellana (Hazelnut) Seed Oil;Decyl Glucoside;Acacia Senegal Gum;Glycerin;Xanthan Gum;Fragrance;Melaleuca Alternifolia (Tea Tree) Leaf Oil;Saccharide Isomerate;Zinc PCA;Charcoal Powder;Citric Acid;Sodium Citrate;
https://unbottled.co/products/shampoing-solide-tout-nu-cheveux-colores;Shampoing Solide Tout Nu - Cheveux Colorés;Sodium Cocoyl Isethionate;Hydrogenated Vegetable Oil;Aqua (Water);Polyglyceryl-4 Laurate;Glycerin;Parfum (Fragrance);Ricinus Communis (Castor) Seed Oil;Caesalpinia Spinosa Gum;Anhydroxylitol;Glucose;Kaolin;Olive Oil Decyl Esters;Punica Granatum Bark Extract;Squalene;Xylitol;Xylitylglucoside;Helianthus Annuus (Sunflower) Seed Oil;Tetrasodium Glutamate Diacetate;CI 77007 (Ultramarines);Silica;Citronellol;Limonene
https://unbottled.co/products/shampoing-solide-tout-nu-cuir-chevelu-sensible;Shampoing Solide Tout Nu - Cuir Chevelu Sensible;Sodium Cocoyl Isethionate;Hydrogenated Vegetable Oil;Zea Mays (Corn) Starch;Aqua (Water);Polyglyceryl-4 Laurate;Glycerin;Myristyl Lactate;Camelina Sativa Seed Oil;Parfum (Fragrance);Xylitylglucoside;Anhydroxylitol;Glucose;Xylitol;Aloe Barbadensis Leaf Extract;Helianthus Annuus (Sunflower) Seed Oil;Prunus Amygdalus Dulcis (Sweet Almond) Oil;Tetrasodium Glutamate Diacetate;Linalool;;;;
https://unbottled.co/products/deodorant-fleuri-cheri;Déo Fleuri Chéri - 48H;Helianthus Annuus (Sunflower) Seed Oil;Coco-Caprylate/Caprate;Magnesium Hydroxide;Stearyl Alcohol;Helianthus Annuus (Sunflower) Seed Wax;Microcrystalline Cellulose;Triethyl Citrate;Magnesium Carbonate Hydroxide;Parfum (Fragrance);Zinc Ricinoleate;Camelina Sativa Seed Oil;Anhydroxylitol;Xylityl Sesquicaprylate;Tocopherol;;;;;;;;
https://unbottled.co/products/deodorant-menthe-ole;Déo Menthe Olé - 48H;Helianthus Annuus (Sunflower) Seed Oil;Coco-Caprylate/Caprate;Magnesium Hydroxide;Stearyl Alcohol;Helianthus Annuus (Sunflower) Seed Wax;Microcrystalline Cellulose;Triethyl Citrate;Magnesium Carbonate Hydroxide;Parfum (Fragrance);Zinc Ricinoleate;Camelina Sativa Seed Oil;Anhydroxylitol;Xylityl Sesquicaprylate;Tocopherol;Limonene;Linalool;;;;;;
